id,title,score,num_comments,author,created_utc,url,over_18,edited,spoiler,stickied
1i7e7y7,Looking for a Data Engineer Buddy to Grow Together ðŸš€,137,88,irrationalindian,2025-01-22 15:52:28,https://www.reddit.com/r/dataengineering/comments/1i7e7y7/looking_for_a_data_engineer_buddy_to_grow_together/,False,False,False,False
1i76qsx,"When your boss asks why the dashboard is broken, and you pretend not to hear ðŸ‘‚ðŸ‘‚... been there, right?",122,47,Adventurous_Okra_846,2025-01-22 08:39:55,https://www.reddit.com/r/dataengineering/comments/1i76qsx/when_your_boss_asks_why_the_dashboard_is_broken/,False,False,False,False
1i79g1f,CSV vs. Parquet vs. AVRO: Which is the optimal file format?,60,57,ivanovyordan,2025-01-22 11:55:31,https://datagibberish.com/p/comparing-csv-parquet-and-avro-for-datalakes?utm_source=reddit&utm_medium=social&utm_campaign=dataengineering,False,False,False,False
1i7hopj,"Got my first ""negative feedback"" and feeling dissapointed",35,12,thro0away12,2025-01-22 18:13:32,https://www.reddit.com/r/dataengineering/comments/1i7hopj/got_my_first_negative_feedback_and_feeling/,False,False,False,False
1i78lca,Some non doom and gloom: Experiencing the post Christmas job market warm up,30,11,MikeDoesEverything,2025-01-22 10:58:59,https://www.reddit.com/r/dataengineering/comments/1i78lca/some_non_doom_and_gloom_experiencing_the_post/,False,False,False,False
1i7liqi,Need advice: Manager resistant to modernizing our analytics stack despite massive performance gains (30min -> 3sec query times),26,24,CloudSingle,2025-01-22 20:47:14,https://www.reddit.com/r/dataengineering/comments/1i7liqi/need_advice_manager_resistant_to_modernizing_our/,False,False,False,False
1i7hu93,The Data Engineering Toolkit: Essential Tools for Your Machine,23,1,sspaeti,2025-01-22 18:19:53,https://motherduck.com/blog/data-engineering-toolkit-essential-tools/,False,False,False,False
1i76bsr,"For those who love Spark and big data performance, this might interest you!",18,0,Vegetable_Home,2025-01-22 08:06:47,https://www.reddit.com/r/dataengineering/comments/1i76bsr/for_those_who_love_spark_and_big_data_performance/,False,False,False,False
1i7vw5c,Python tests in interviews,9,12,OreosAreAiight,2025-01-23 04:59:23,https://www.reddit.com/r/dataengineering/comments/1i7vw5c/python_tests_in_interviews/,False,False,False,False
1i7a5zn,Is my job technically considered data engineering or not,7,5,Apart-Plankton9951,2025-01-22 12:38:02,https://www.reddit.com/r/dataengineering/comments/1i7a5zn/is_my_job_technically_considered_data_engineering/,False,False,False,False
1i7rfzu,First time feeling like the belle of the ball,8,1,SuperTangelo1898,2025-01-23 01:06:35,https://www.reddit.com/r/dataengineering/comments/1i7rfzu/first_time_feeling_like_the_belle_of_the_ball/,False,False,False,False
1i7d8ua,Should I do a master degree in Data Science?,6,18,Adventurous-Big9643,2025-01-22 15:11:01,https://www.reddit.com/r/dataengineering/comments/1i7d8ua/should_i_do_a_master_degree_in_data_science/,False,False,False,False
1i7odhe,Most which DE certification is more valuable?,5,5,jinbe-san,2025-01-22 22:47:18,https://www.reddit.com/r/dataengineering/comments/1i7odhe/most_which_de_certification_is_more_valuable/,False,False,False,False
1i7p83s,Company wants to implement DataMesh but has little to no inhouse Data Engineering skills.,6,1,Hideyoshis_Penguin,2025-01-22 23:24:34,https://www.reddit.com/r/dataengineering/comments/1i7p83s/company_wants_to_implement_datamesh_but_has/,False,False,False,False
1i7mjmx,What Makes a Data Engineer Unique?,2,2,DVR_99,2025-01-22 21:30:07,https://www.reddit.com/r/dataengineering/comments/1i7mjmx/what_makes_a_data_engineer_unique/,False,False,False,False
1i7x27y,Help required to understand the tech stack needed for creation of a data warehouse.,5,4,whatshouldidotoknow,2025-01-23 06:13:36,https://www.reddit.com/r/dataengineering/comments/1i7x27y/help_required_to_understand_the_tech_stack_needed/,False,False,False,False
1i7pdfc,"Midway Update: dbtâ„¢ Data Modeling Challenge - Fantasy Football Edition ($3,000 Prizes)",3,1,JParkerRogers,2025-01-22 23:31:15,https://www.reddit.com/r/dataengineering/comments/1i7pdfc/midway_update_dbt_data_modeling_challenge_fantasy/,False,False,False,False
1i7f8vo,Talend SCD component too slow?,3,1,Medical_Nothing8337,2025-01-22 16:35:08,https://www.reddit.com/r/dataengineering/comments/1i7f8vo/talend_scd_component_too_slow/,False,False,False,False
1i7aa6p,Using ER Studio: Best way to Link a Conceptual Model to Logical Model,3,2,ExistingGift2867,2025-01-22 12:44:45,https://www.reddit.com/r/dataengineering/comments/1i7aa6p/using_er_studio_best_way_to_link_a_conceptual/,False,False,False,False
1i7yff8,Zero-Disk Architecture: The Future of Cloud Storage Systems,4,0,ithoughtful,2025-01-23 07:53:24,https://practicaldataengineering.substack.com/p/zero-disk-architecture-the-future,False,False,False,False
1i7rhyf,"SaaS, K8s orâ€¦ (how do you deploy)",2,2,AMDataLake,2025-01-23 01:09:17,https://www.reddit.com/r/dataengineering/comments/1i7rhyf/saas_k8s_or_how_do_you_deploy/,False,False,False,False
1i7pfk0,How to show SQL skills,2,3,Aiecco,2025-01-22 23:33:59,https://www.reddit.com/r/dataengineering/comments/1i7pfk0/how_to_show_sql_skills/,False,False,False,False
1i7kjjg,Practice SQL/Python on Snowflake/online IDE,2,1,kaalaakhatta,2025-01-22 20:06:43,https://www.reddit.com/r/dataengineering/comments/1i7kjjg/practice_sqlpython_on_snowflakeonline_ide/,False,False,False,False
1i7k763,"Advice on Building Live Odds Model (ETL Pipeline, Database, Predictive Modeling, API)",2,0,FreddieKiroh,2025-01-22 19:53:02,https://www.reddit.com/r/dataengineering/comments/1i7k763/advice_on_building_live_odds_model_etl_pipeline/,False,False,False,False
1i7i8z1,Career Advice: Help me with making a decision between data engineering or product management,2,0,Expert_Caramel_9463,2025-01-22 18:36:13,https://www.reddit.com/r/dataengineering/comments/1i7i8z1/career_advice_help_me_with_making_a_decision/,False,False,False,False
1i7hhzn,Advice on moving to a early stage startup,2,1,rysnotnice,2025-01-22 18:06:07,https://www.reddit.com/r/dataengineering/comments/1i7hhzn/advice_on_moving_to_a_early_stage_startup/,False,False,False,False
1i7hepc,What would be the best way to merge a bunch of parquet files on S3 together?,2,2,coolj492,2025-01-22 18:02:36,https://www.reddit.com/r/dataengineering/comments/1i7hepc/what_would_be_the_best_way_to_merge_a_bunch_of/,False,False,False,False
1i78cin,Thinking of Building an Interactive Data Modeling Tool â€“ Would You Find It Useful?,2,2,Relativiteit,2025-01-22 10:41:19,https://www.reddit.com/r/dataengineering/comments/1i78cin/thinking_of_building_an_interactive_data_modeling/,False,False,False,False
1i77xyu,Career Advice: Transitioning from BI Developer to Data Engineer,2,7,0408,2025-01-22 10:11:54,https://www.reddit.com/r/dataengineering/comments/1i77xyu/career_advice_transitioning_from_bi_developer_to/,False,False,False,False
1i77ahn,How to Start Learning Data Engineering and Data Science Using Kaggle?,2,1,No-Percentage-9503,2025-01-22 09:21:56,https://www.reddit.com/r/dataengineering/comments/1i77ahn/how_to_start_learning_data_engineering_and_data/,False,False,False,False
1i7yczj,"Show /r/dataengineering: A simple, high volume, NCSA log generator for testing your log processing pipelines",1,3,Iron_Yuppie,2025-01-23 07:47:58,https://www.reddit.com/r/dataengineering/comments/1i7yczj/show_rdataengineering_a_simple_high_volume_ncsa/,False,False,False,False
1i7sk2l,Disconnect ADF from git,1,0,EmpCodel,2025-01-23 02:00:57,https://www.reddit.com/r/dataengineering/comments/1i7sk2l/disconnect_adf_from_git/,False,False,False,False
1i7o3cm,"Two-part names in data warehousing, especially in the cloud",2,4,Mainlander2024,2025-01-22 22:35:07,https://www.reddit.com/r/dataengineering/comments/1i7o3cm/twopart_names_in_data_warehousing_especially_in/,False,False,False,False
1i7kb4b,Which offer should i pick.. any advice is recommended!,1,3,FridayTea22,2025-01-22 19:57:19,https://www.reddit.com/r/dataengineering/comments/1i7kb4b/which_offer_should_i_pick_any_advice_is/,False,False,False,False
1i7iec8,Technical Product Owner,1,6,ZaB_mf,2025-01-22 18:41:53,https://www.reddit.com/r/dataengineering/comments/1i7iec8/technical_product_owner/,False,False,False,False
1i7gve5,Seeking advice on DE System Design,1,2,CometChaserStarGazer,2025-01-22 17:40:45,https://www.reddit.com/r/dataengineering/comments/1i7gve5/seeking_advice_on_de_system_design/,False,False,False,False
1i7dndb,Azure Data Factory - CI/CD Approaches,1,7,gban84,2025-01-22 15:28:14,https://www.reddit.com/r/dataengineering/comments/1i7dndb/azure_data_factory_cicd_approaches/,False,False,False,False
1i7dmm6,Why Data Filtering Matters for Database Authorization?,1,0,odd_sherlock,2025-01-22 15:27:19,https://www.permit.io/blog/why-data-filtering-matters-for-database-authorization,False,False,False,False
1i7v8rt,Need Help In Data engineering job,0,2,AmbitiousCompote2073,2025-01-23 04:21:18,https://www.reddit.com/r/dataengineering/comments/1i7v8rt/need_help_in_data_engineering_job/,False,False,False,False
1i7ew0v,Where in the data lineage are you at?,0,0,Dark_Man2023,2025-01-22 16:20:00,https://www.reddit.com/r/dataengineering/comments/1i7ew0v/where_in_the_data_lineage_are_you_at/,False,False,False,False
1i7erkh,Next steps,0,2,Affectionate_Gur3550,2025-01-22 16:14:59,https://www.reddit.com/r/dataengineering/comments/1i7erkh/next_steps/,False,False,False,False
1i78qdn,Database for C#MVVM Desktop app,0,0,PatientDisplay243,2025-01-22 11:07:58,https://www.reddit.com/r/dataengineering/comments/1i78qdn/database_for_cmvvm_desktop_app/,False,False,False,False
